A Balloon Ride to the Edge of Space (Discover Magazine),http://news.feedzilla.com/en_us/stories/science/420719400?client_source=api&format=json,"A sky-high balloon ride will soon be able to take you to the top of the
atmosphere.

"
A New Edition of the Journal of Applied Research in Intellectual Disabilities is Available (bioethicscom),http://news.feedzilla.com/en_us/stories/science/420974690?client_source=api&format=json,"JARID (vol. 28, no. 1., January 2015) is now available by subscription only:
""Health Inequity in People with Intellectual Disabilities: From Evidence to
Action Applying an Appreciative Inquiry Approach"" Jenneken Naaldenberg, et al.
""Health and Disability: Partnerships in Health Care"" … Read More

"
AP Test's Recursion Examples: An Exercise In Awkardness,http://rss.slashdot.org/~r/Slashdot/slashdot/~3/8LhJzR3Wz5U/story01.htm,"theodp writes Yet another example of how AP exams are loaded with poor coding practices,"" quipped Alfred Thompson, referring to a recursive code example that prints the numbers 0 to 6, which was posted to the (closed) AP Computer Science Facebook group. ""We are often forced to use code examples that are not ideal coding practice,"" Thompson notes. ""We do that to make things clear and to demonstrate specific concepts in a sort of isolation that we might not normally use. We seem to do that a lot with recursion because the examples that require recursion tend to be fairly complex."" So, while asking students to use recursion instead of a loop to print '0123456' serves the purpose of teaching recursion, Thompson opines that it's also a poor example of code practice. ""Someone raised on functional programming where recursion is a pretty standard way of doing looping might disagree of course,"" he adds. ""There is a saying that when all you have is a hammer all your problems look like nails. This seems, in a way, to be the case with recursion and loops. If your first tool of choice (or what you have learned first) for iteration is loops you tend not to think of recursion as a solution. Similarly if you start with recursion (as is common with functional programming) you are a lot more likely to look at recursion as a tool for iteration."" So, do you tend to embrace or eschew recursion in your programming?<p><div class=""share_submission"" style=""position:relative;""> <a class=""slashpop"" href=""http://twitter.com/home?status=AP+Test's+Recursion+Examples%3A+An+Exercise+In+Awkardness%3A+http%3A%2F%2Fbit.ly%2F1DThznr""><img src=""http://a.fsdn.com/sd/twitter_icon_large.png""></a> <a class=""slashpop"" href=""http://www.facebook.com/sharer.php?u=http%3A%2F%2Fdevelopers.slashdot.org%2Fstory%2F15%2F02%2F08%2F1935257%2Fap-tests-recursion-examples-an-exercise-in-awkardness%3Futm_source%3Dslashdot%26utm_medium%3Dfacebook""><img src=""http://a.fsdn.com/sd/facebook_icon_large.png""></a> <a class=""nobg"" href=""http://plus.google.com/share?url=http://developers.slashdot.org/story/15/02/08/1935257/ap-tests-recursion-examples-an-exercise-in-awkardness?utm_source=slashdot&amp;utm_medium=googleplus"" onclick=""javascript:window.open(this.href,'', 'menubar=no,toolbar=no,resizable=yes,scrollbars=yes,height=600,width=600');return false;""><img src=""http://www.gstatic.com/images/icons/gplus-16.png"" alt=""Share on Google+""/></a> </div></p><p><a href=""http://developers.slashdot.org/story/15/02/08/1935257/ap-tests-recursion-examples-an-exercise-in-awkardness?utm_source=rss1.0moreanon&amp;utm_medium=feed"">Read more of this story</a> at Slashdot.</p><iframe src=""http://slashdot.org/slashdot-it.pl?op=discuss&amp;id=6934629&amp;smallembed=1"" style=""height: 300px; width: 100%; border: none;""></iframe><img width='1' height='1' src='http://slashdot.feedsportal.com/c/35028/f/647410/s/432ca62f/sc/4/mf.gif' border='0'/><br clear='all'/><br/><br/><a href=""http://da.feedsportal.com/r/218611586523/u/49/f/647410/c/35028/s/432ca62f/sc/4/rc/1/rc.htm"" rel=""nofollow""><img src=""http://da.feedsportal.com/r/218611586523/u/49/f/647410/c/35028/s/432ca62f/sc/4/rc/1/rc.img"" border=""0""/></a><br/><a href=""http://da.feedsportal.com/r/218611586523/u/49/f/647410/c/35028/s/432ca62f/sc/4/rc/2/rc.htm"" rel=""nofollow""><img src=""http://da.feedsportal.com/r/218611586523/u/49/f/647410/c/35028/s/432ca62f/sc/4/rc/2/rc.img"" border=""0""/></a><br/><a href=""http://da.feedsportal.com/r/218611586523/u/49/f/647410/c/35028/s/432ca62f/sc/4/rc/3/rc.htm"" rel=""nofollow""><img src=""http://da.feedsportal.com/r/218611586523/u/49/f/647410/c/35028/s/432ca62f/sc/4/rc/3/rc.img"" border=""0""/></a><br/><br/><a href=""http://da.feedsportal.com/r/218611586523/u/49/f/647410/c/35028/s/432ca62f/sc/4/a2.htm""><img src=""http://da.feedsportal.com/r/218611586523/u/49/f/647410/c/35028/s/432ca62f/sc/4/a2.img"" border=""0""/></a><img width=""1"" height=""1"" src=""http://pi.feedsportal.com/r/218611586523/u/49/f/647410/c/35028/s/432ca62f/sc/4/a2t.img"" border=""0""/><img src=""//feeds.feedburner.com/~r/Slashdot/slashdot/~4/8LhJzR3Wz5U"" height=""1"" width=""1"" alt=""""/>"
Asian Glow May Indicate Lower Pain Tolerance (Scientific American),http://news.feedzilla.com/en_us/stories/science/421085696?client_source=api&format=json,"One of the body's alcohol-busting enzymes may play a role in pain relief


-- Read more on ScientificAmerican.com

"
Ask Slashdot: Automated Tool To OCR CCGs Like Magic: the Gathering?,http://rss.slashdot.org/~r/Slashdot/slashdot/~3/bGVVRdJiwOY/story01.htm,"An anonymous reader writes I buy massive collections of trading card games, Magic:The Gathering, Yu-Gi-Oh!, Pokemon, Weiss Schwarts, Cardfight Vanguard, etc, etc. And I've gotten the process fairly streamlined as far as price checking, grading, sorting, etc. Part of my process involves using higher-quality web cams positioned over the top of the cards which are in a stack. I keep a cam window on the screen to show a larger, brighter version of the card. What I'm wondering: Is there is an OCR solution out there that will look at the same spot on the screen, capture, ocr, dump to clipboard, etc.? I've tried several open source solutions but none of them quite fit my needs. What I'd really like is to be able to hit a hotkey, and have my clipboard populated with the textual data of the graphics in a pre-set x,y window range. All this should be done via a hotkey. I may be asking for a lot, but then again, I'm sure someone out there has had need of this type of set-up before. Anyone have any recommendations?<p><div class=""share_submission"" style=""position:relative;""> <a class=""slashpop"" href=""http://twitter.com/home?status=Ask+Slashdot%3A+Automated+Tool+To+OCR+CCGs+Like+Magic%3A+the+Gathering%3F%3A+http%3A%2F%2Fbit.ly%2F1ziFqc9""><img src=""http://a.fsdn.com/sd/twitter_icon_large.png""></a> <a class=""slashpop"" href=""http://www.facebook.com/sharer.php?u=http%3A%2F%2Fask.slashdot.org%2Fstory%2F15%2F02%2F06%2F2355256%2Fask-slashdot-automated-tool-to-ocr-ccgs-like-magic-the-gathering%3Futm_source%3Dslashdot%26utm_medium%3Dfacebook""><img src=""http://a.fsdn.com/sd/facebook_icon_large.png""></a> <a class=""nobg"" href=""http://plus.google.com/share?url=http://ask.slashdot.org/story/15/02/06/2355256/ask-slashdot-automated-tool-to-ocr-ccgs-like-magic-the-gathering?utm_source=slashdot&amp;utm_medium=googleplus"" onclick=""javascript:window.open(this.href,'', 'menubar=no,toolbar=no,resizable=yes,scrollbars=yes,height=600,width=600');return false;""><img src=""http://www.gstatic.com/images/icons/gplus-16.png"" alt=""Share on Google+""/></a> </div></p><p><a href=""http://ask.slashdot.org/story/15/02/06/2355256/ask-slashdot-automated-tool-to-ocr-ccgs-like-magic-the-gathering?utm_source=rss1.0moreanon&amp;utm_medium=feed"">Read more of this story</a> at Slashdot.</p><iframe src=""http://slashdot.org/slashdot-it.pl?op=discuss&amp;id=6919787&amp;smallembed=1"" style=""height: 300px; width: 100%; border: none;""></iframe><img width='1' height='1' src='http://slashdot.feedsportal.com/c/35028/f/647410/s/4326c9c5/sc/4/mf.gif' border='0'/><br clear='all'/><br/><br/><a href=""http://da.feedsportal.com/r/219132803858/u/49/f/647410/c/35028/s/4326c9c5/sc/4/rc/1/rc.htm"" rel=""nofollow""><img src=""http://da.feedsportal.com/r/219132803858/u/49/f/647410/c/35028/s/4326c9c5/sc/4/rc/1/rc.img"" border=""0""/></a><br/><a href=""http://da.feedsportal.com/r/219132803858/u/49/f/647410/c/35028/s/4326c9c5/sc/4/rc/2/rc.htm"" rel=""nofollow""><img src=""http://da.feedsportal.com/r/219132803858/u/49/f/647410/c/35028/s/4326c9c5/sc/4/rc/2/rc.img"" border=""0""/></a><br/><a href=""http://da.feedsportal.com/r/219132803858/u/49/f/647410/c/35028/s/4326c9c5/sc/4/rc/3/rc.htm"" rel=""nofollow""><img src=""http://da.feedsportal.com/r/219132803858/u/49/f/647410/c/35028/s/4326c9c5/sc/4/rc/3/rc.img"" border=""0""/></a><br/><br/><a href=""http://da.feedsportal.com/r/219132803858/u/49/f/647410/c/35028/s/4326c9c5/sc/4/a2.htm""><img src=""http://da.feedsportal.com/r/219132803858/u/49/f/647410/c/35028/s/4326c9c5/sc/4/a2.img"" border=""0""/></a><img width=""1"" height=""1"" src=""http://pi.feedsportal.com/r/219132803858/u/49/f/647410/c/35028/s/4326c9c5/sc/4/a2t.img"" border=""0""/><img src=""//feeds.feedburner.com/~r/Slashdot/slashdot/~4/bGVVRdJiwOY"" height=""1"" width=""1"" alt=""""/>"
Ask Slashdot: Is There a Web Development Linux Distro?,http://rss.slashdot.org/~r/Slashdot/slashdot/~3/MsIFuLWL0dQ/story01.htm,"Qbertino writes I've been a linux user for more than 15 years now and in the last ten I've done basically all my non-trivial web development on Linux. SuSE in the early days, after that either Debian or, more recently, Ubuntu, if I want something to click on. What really bugs me is, that every time I make a new setup, either as a virtual machine, on concrete hardware or a remote host, I go through 1-2 hours of getting the basics of a web-centric system up and running. That includes setting PHP config options to usable things, setting up vhosts on Apache (always an adventure), configging mod_rewrite, installing extra CLI stuff like Emacs (yeah, I'm from that camp) walking through the basic 10-15 steps of setting up MySQL or some other DB, etc. ... You get the picture. What has me wondering is this: Since Linux is deeply entrenched in the field of server-side web, with LAMP being it's powerhouse, I was wondering if there aren't any distros that cover exactly this sort of thing. You know, automatic allocation of memory in the runtime settings, ready-made Apache http/https/sftp/ftp setup, PHP all ready to go, etc. What are your experiences and is there something that covers this? Would you think there's a need for this sort of thing and would you base it of Debian or something else? If you do web-dev, how do you do it? Prepareted scripts for setup? Anything else? ... Ideas, unkown LAMP distros and opinions please.""<p><div class=""share_submission"" style=""position:relative;""> <a class=""slashpop"" href=""http://twitter.com/home?status=Ask+Slashdot%3A+Is+There+a+Web+Development+Linux+Distro%3F%3A+http%3A%2F%2Fbit.ly%2F1yX3iTE""><img src=""http://a.fsdn.com/sd/twitter_icon_large.png""></a> <a class=""slashpop"" href=""http://www.facebook.com/sharer.php?u=http%3A%2F%2Fask.slashdot.org%2Fstory%2F15%2F02%2F08%2F0650246%2Fask-slashdot-is-there-a-web-development-linux-distro%3Futm_source%3Dslashdot%26utm_medium%3Dfacebook""><img src=""http://a.fsdn.com/sd/facebook_icon_large.png""></a> <a class=""nobg"" href=""http://plus.google.com/share?url=http://ask.slashdot.org/story/15/02/08/0650246/ask-slashdot-is-there-a-web-development-linux-distro?utm_source=slashdot&amp;utm_medium=googleplus"" onclick=""javascript:window.open(this.href,'', 'menubar=no,toolbar=no,resizable=yes,scrollbars=yes,height=600,width=600');return false;""><img src=""http://www.gstatic.com/images/icons/gplus-16.png"" alt=""Share on Google+""/></a> </div></p><p><a href=""http://ask.slashdot.org/story/15/02/08/0650246/ask-slashdot-is-there-a-web-development-linux-distro?utm_source=rss1.0moreanon&amp;utm_medium=feed"">Read more of this story</a> at Slashdot.</p><iframe src=""http://slashdot.org/slashdot-it.pl?op=discuss&amp;id=6931947&amp;smallembed=1"" style=""height: 300px; width: 100%; border: none;""></iframe><img width='1' height='1' src='http://slashdot.feedsportal.com/c/35028/f/647410/s/432c4e54/sc/4/mf.gif' border='0'/><br clear='all'/><br/><br/><a href=""http://da.feedsportal.com/r/218611567477/u/49/f/647410/c/35028/s/432c4e54/sc/4/rc/1/rc.htm"" rel=""nofollow""><img src=""http://da.feedsportal.com/r/218611567477/u/49/f/647410/c/35028/s/432c4e54/sc/4/rc/1/rc.img"" border=""0""/></a><br/><a href=""http://da.feedsportal.com/r/218611567477/u/49/f/647410/c/35028/s/432c4e54/sc/4/rc/2/rc.htm"" rel=""nofollow""><img src=""http://da.feedsportal.com/r/218611567477/u/49/f/647410/c/35028/s/432c4e54/sc/4/rc/2/rc.img"" border=""0""/></a><br/><a href=""http://da.feedsportal.com/r/218611567477/u/49/f/647410/c/35028/s/432c4e54/sc/4/rc/3/rc.htm"" rel=""nofollow""><img src=""http://da.feedsportal.com/r/218611567477/u/49/f/647410/c/35028/s/432c4e54/sc/4/rc/3/rc.img"" border=""0""/></a><br/><br/><a href=""http://da.feedsportal.com/r/218611567477/u/49/f/647410/c/35028/s/432c4e54/sc/4/a2.htm""><img src=""http://da.feedsportal.com/r/218611567477/u/49/f/647410/c/35028/s/432c4e54/sc/4/a2.img"" border=""0""/></a><img width=""1"" height=""1"" src=""http://pi.feedsportal.com/r/218611567477/u/49/f/647410/c/35028/s/432c4e54/sc/4/a2t.img"" border=""0""/><img src=""//feeds.feedburner.com/~r/Slashdot/slashdot/~4/MsIFuLWL0dQ"" height=""1"" width=""1"" alt=""""/>"
Building New Computers That Function Like Brains [Video] (Scientific American),http://news.feedzilla.com/en_us/stories/science/420854506?client_source=api&format=json,"A computer scientist explains new electronic components that could create
giant leaps forward in computer speed and energy efficiency


-- Read more on ScientificAmerican.com

"
California firefighters save horse stuck in outdoor bathtub (APN),http://news.feedzilla.com/en_us/stories/science/421004824?client_source=api&format=json,"Firefighters in Northern California rescued a horse that got stuck in an
outdoor bathtub.Sacramento Metropolitan Fire District Capt. Michelle Eidam
says the horse was dancing around in her stall to protect the bathtub used as
her...

"
Canada to Allow Doctor-Assisted Suicide (bioethicscom),http://news.feedzilla.com/en_us/stories/science/420810995?client_source=api&format=json,"(BBC) - Canada's Supreme Court has ruled that doctors may help patients who
have severe and incurable medical conditions to die, overturning a 1993 ban.
In a unanimous decision, the court said that the law impinged on Canadians'
rights.

"
Canadian Supreme Court Rules Ban On Assisted Suicide Unconstitutional,http://rss.slashdot.org/~r/Slashdot/slashdot/~3/3BPqOPbq0Hk/story01.htm,"BarbaraHudson writes with word that Canada's Supreme Court has issued a strong statement in defense of Canadians' right to choose assisted suicide: [A] judgment, which is unsigned to reflect the unanimous institutional weight of the court, says the current ban on assisted suicide infringes on all three of the life, liberty and security of person provisions in Section 7 of the Charter of Rights and Freedoms. It does not limit physician-assisted death to those suffering a terminal illness. The court agreed with the trial judge ""that a permissive regime with properly designed and administered safeguards was capable of protecting vulnerable people from abuse and error. While there are risks, to be sure, a carefully designed and managed system is capable of adequately addressing them."" Parliament has one year to enact new legislation modifying the Criminal Code to conform to the judgment.<p><div class=""share_submission"" style=""position:relative;""> <a class=""slashpop"" href=""http://twitter.com/home?status=Canadian+Supreme+Court+Rules+Ban+On+Assisted+Suicide+Unconstitutional%3A+http%3A%2F%2Fbit.ly%2F1CHEw04""><img src=""http://a.fsdn.com/sd/twitter_icon_large.png""></a> <a class=""slashpop"" href=""http://www.facebook.com/sharer.php?u=http%3A%2F%2Fscience.slashdot.org%2Fstory%2F15%2F02%2F08%2F0733229%2Fcanadian-supreme-court-rules-ban-on-assisted-suicide-unconstitutional%3Futm_source%3Dslashdot%26utm_medium%3Dfacebook""><img src=""http://a.fsdn.com/sd/facebook_icon_large.png""></a> <a class=""nobg"" href=""http://plus.google.com/share?url=http://science.slashdot.org/story/15/02/08/0733229/canadian-supreme-court-rules-ban-on-assisted-suicide-unconstitutional?utm_source=slashdot&amp;utm_medium=googleplus"" onclick=""javascript:window.open(this.href,'', 'menubar=no,toolbar=no,resizable=yes,scrollbars=yes,height=600,width=600');return false;""><img src=""http://www.gstatic.com/images/icons/gplus-16.png"" alt=""Share on Google+""/></a> </div></p><p><a href=""http://science.slashdot.org/story/15/02/08/0733229/canadian-supreme-court-rules-ban-on-assisted-suicide-unconstitutional?utm_source=rss1.0moreanon&amp;utm_medium=feed"">Read more of this story</a> at Slashdot.</p><iframe src=""http://slashdot.org/slashdot-it.pl?op=discuss&amp;id=6932213&amp;smallembed=1"" style=""height: 300px; width: 100%; border: none;""></iframe><img width='1' height='1' src='http://slashdot.feedsportal.com/c/35028/f/647410/s/432b1d90/sc/8/mf.gif' border='0'/><br clear='all'/><br/><br/><a href=""http://da.feedsportal.com/r/218611587864/u/49/f/647410/c/35028/s/432b1d90/sc/8/rc/1/rc.htm"" rel=""nofollow""><img src=""http://da.feedsportal.com/r/218611587864/u/49/f/647410/c/35028/s/432b1d90/sc/8/rc/1/rc.img"" border=""0""/></a><br/><a href=""http://da.feedsportal.com/r/218611587864/u/49/f/647410/c/35028/s/432b1d90/sc/8/rc/2/rc.htm"" rel=""nofollow""><img src=""http://da.feedsportal.com/r/218611587864/u/49/f/647410/c/35028/s/432b1d90/sc/8/rc/2/rc.img"" border=""0""/></a><br/><a href=""http://da.feedsportal.com/r/218611587864/u/49/f/647410/c/35028/s/432b1d90/sc/8/rc/3/rc.htm"" rel=""nofollow""><img src=""http://da.feedsportal.com/r/218611587864/u/49/f/647410/c/35028/s/432b1d90/sc/8/rc/3/rc.img"" border=""0""/></a><br/><br/><a href=""http://da.feedsportal.com/r/218611587864/u/49/f/647410/c/35028/s/432b1d90/sc/8/a2.htm""><img src=""http://da.feedsportal.com/r/218611587864/u/49/f/647410/c/35028/s/432b1d90/sc/8/a2.img"" border=""0""/></a><img width=""1"" height=""1"" src=""http://pi.feedsportal.com/r/218611587864/u/49/f/647410/c/35028/s/432b1d90/sc/8/a2t.img"" border=""0""/><img src=""//feeds.feedburner.com/~r/Slashdot/slashdot/~4/3BPqOPbq0Hk"" height=""1"" width=""1"" alt=""""/>"
"DARPA's ALASA Could Pave Way For Cheaper, Faster Satellite Launches",http://rss.slashdot.org/~r/Slashdot/slashdot/~3/2UHHozCW9js/story01.htm,"hypnosec writes DARPA is all set to take its Airborne Launch Assist Space Access module (ALASA) program to the next level after the program has shown promising results toward its mission of sending 100-pound satellites into low Earth orbit (LEO) for just $1 million per launch."" ALASA is a new program that seeks to streamline production and encourage re-usability and interchangeability in satellite systems.<p><div class=""share_submission"" style=""position:relative;""> <a class=""slashpop"" href=""http://twitter.com/home?status=DARPA's+ALASA+Could+Pave+Way+For+Cheaper%2C+Faster+Satellite+Launches%3A+http%3A%2F%2Fbit.ly%2F1zKhyBG""><img src=""http://a.fsdn.com/sd/twitter_icon_large.png""></a> <a class=""slashpop"" href=""http://www.facebook.com/sharer.php?u=http%3A%2F%2Fscience.slashdot.org%2Fstory%2F15%2F02%2F08%2F0048222%2Fdarpas-alasa-could-pave-way-for-cheaper-faster-satellite-launches%3Futm_source%3Dslashdot%26utm_medium%3Dfacebook""><img src=""http://a.fsdn.com/sd/facebook_icon_large.png""></a> <a class=""nobg"" href=""http://plus.google.com/share?url=http://science.slashdot.org/story/15/02/08/0048222/darpas-alasa-could-pave-way-for-cheaper-faster-satellite-launches?utm_source=slashdot&amp;utm_medium=googleplus"" onclick=""javascript:window.open(this.href,'', 'menubar=no,toolbar=no,resizable=yes,scrollbars=yes,height=600,width=600');return false;""><img src=""http://www.gstatic.com/images/icons/gplus-16.png"" alt=""Share on Google+""/></a> </div></p><p><a href=""http://science.slashdot.org/story/15/02/08/0048222/darpas-alasa-could-pave-way-for-cheaper-faster-satellite-launches?utm_source=rss1.0moreanon&amp;utm_medium=feed"">Read more of this story</a> at Slashdot.</p><iframe src=""http://slashdot.org/slashdot-it.pl?op=discuss&amp;id=6929407&amp;smallembed=1"" style=""height: 300px; width: 100%; border: none;""></iframe><img width='1' height='1' src='http://slashdot.feedsportal.com/c/35028/f/647410/s/43292864/sc/4/mf.gif' border='0'/><br clear='all'/><br/><br/><a href=""http://da.feedsportal.com/r/218611556576/u/49/f/647410/c/35028/s/43292864/sc/4/rc/1/rc.htm"" rel=""nofollow""><img src=""http://da.feedsportal.com/r/218611556576/u/49/f/647410/c/35028/s/43292864/sc/4/rc/1/rc.img"" border=""0""/></a><br/><a href=""http://da.feedsportal.com/r/218611556576/u/49/f/647410/c/35028/s/43292864/sc/4/rc/2/rc.htm"" rel=""nofollow""><img src=""http://da.feedsportal.com/r/218611556576/u/49/f/647410/c/35028/s/43292864/sc/4/rc/2/rc.img"" border=""0""/></a><br/><a href=""http://da.feedsportal.com/r/218611556576/u/49/f/647410/c/35028/s/43292864/sc/4/rc/3/rc.htm"" rel=""nofollow""><img src=""http://da.feedsportal.com/r/218611556576/u/49/f/647410/c/35028/s/43292864/sc/4/rc/3/rc.img"" border=""0""/></a><br/><br/><a href=""http://da.feedsportal.com/r/218611556576/u/49/f/647410/c/35028/s/43292864/sc/4/a2.htm""><img src=""http://da.feedsportal.com/r/218611556576/u/49/f/647410/c/35028/s/43292864/sc/4/a2.img"" border=""0""/></a><img width=""1"" height=""1"" src=""http://pi.feedsportal.com/r/218611556576/u/49/f/647410/c/35028/s/43292864/sc/4/a2t.img"" border=""0""/><img src=""//feeds.feedburner.com/~r/Slashdot/slashdot/~4/2UHHozCW9js"" height=""1"" width=""1"" alt=""""/>"
"Dell Venue 8 7000, ""Word's Thinnest Tablet"" With Intel Moorefield Atom, Reviewed",http://rss.slashdot.org/~r/Slashdot/slashdot/~3/waQrMrBHDpE/story01.htm,"MojoKid (1002251) writes ""Dell recently launched their Android-based Venue 8 7000 slate, claiming it's the ""world's thinnest"" tablet. It measures a mere 6 millimeters thick, or 0.24 inches and change. That's 0.1mm slimmer than Apple's iPad Air 2 and 1.5mm flatter than the iPad mini 3, giving Dell full bragging rights, even if by a hair. Dell also opted for an Intel Atom Z3580 processor under the hood, clocked at up to 2.3GHz. This quad-core part is built on Intel's 22nm Moorefield microarchitecture. Compared to its Bay Trail predecessor, Moorefield comes in a smaller package with superior thermal attributes, as well as better graphics performance, courtesy of its PowerVR G6430 graphics core. The Venue 8 7000 also features one of the best 8-inch OLED displays on the market, with edge-to-edge glass and a 2560x1600 resolution. Finally, the Venue 8 7000 is also the first to integrate Intel's RealSense Snapshot Depth Camera, which offers interesting re-focusing and stereoscopic effects, with potentially other, more interesting use cases down the road. Performance-wise, the Venue 8 7000 is solid enough though not a speedster, putting out metrics in the benchmarks that place it in the middle of the pack of premium tablets on the market currently.""<p><div class=""share_submission"" style=""position:relative;""> <a class=""slashpop"" href=""http://twitter.com/home?status=Dell+Venue+8+7000%2C+%22Word's+Thinnest+Tablet%22+With+Intel+Moorefield+Atom%2C+Reviewed%3A+http%3A%2F%2Fbit.ly%2F1IptnV9""><img src=""http://a.fsdn.com/sd/twitter_icon_large.png""></a> <a class=""slashpop"" href=""http://www.facebook.com/sharer.php?u=http%3A%2F%2Fhardware.slashdot.org%2Fstory%2F15%2F02%2F07%2F1622212%2Fdell-venue-8-7000-words-thinnest-tablet-with-intel-moorefield-atom-reviewed%3Futm_source%3Dslashdot%26utm_medium%3Dfacebook""><img src=""http://a.fsdn.com/sd/facebook_icon_large.png""></a> <a class=""nobg"" href=""http://plus.google.com/share?url=http://hardware.slashdot.org/story/15/02/07/1622212/dell-venue-8-7000-words-thinnest-tablet-with-intel-moorefield-atom-reviewed?utm_source=slashdot&amp;utm_medium=googleplus"" onclick=""javascript:window.open(this.href,'', 'menubar=no,toolbar=no,resizable=yes,scrollbars=yes,height=600,width=600');return false;""><img src=""http://www.gstatic.com/images/icons/gplus-16.png"" alt=""Share on Google+""/></a> </div></p><p><a href=""http://hardware.slashdot.org/story/15/02/07/1622212/dell-venue-8-7000-words-thinnest-tablet-with-intel-moorefield-atom-reviewed?utm_source=rss1.0moreanon&amp;utm_medium=feed"">Read more of this story</a> at Slashdot.</p><iframe src=""http://slashdot.org/slashdot-it.pl?op=discuss&amp;id=6926119&amp;smallembed=1"" style=""height: 300px; width: 100%; border: none;""></iframe><img width='1' height='1' src='http://slashdot.feedsportal.com/c/35028/f/647410/s/432706f6/sc/28/mf.gif' border='0'/><br clear='all'/><br/><br/><a href=""http://da.feedsportal.com/r/218611562602/u/49/f/647410/c/35028/s/432706f6/sc/28/rc/1/rc.htm"" rel=""nofollow""><img src=""http://da.feedsportal.com/r/218611562602/u/49/f/647410/c/35028/s/432706f6/sc/28/rc/1/rc.img"" border=""0""/></a><br/><a href=""http://da.feedsportal.com/r/218611562602/u/49/f/647410/c/35028/s/432706f6/sc/28/rc/2/rc.htm"" rel=""nofollow""><img src=""http://da.feedsportal.com/r/218611562602/u/49/f/647410/c/35028/s/432706f6/sc/28/rc/2/rc.img"" border=""0""/></a><br/><a href=""http://da.feedsportal.com/r/218611562602/u/49/f/647410/c/35028/s/432706f6/sc/28/rc/3/rc.htm"" rel=""nofollow""><img src=""http://da.feedsportal.com/r/218611562602/u/49/f/647410/c/35028/s/432706f6/sc/28/rc/3/rc.img"" border=""0""/></a><br/><br/><a href=""http://da.feedsportal.com/r/218611562602/u/49/f/647410/c/35028/s/432706f6/sc/28/a2.htm""><img src=""http://da.feedsportal.com/r/218611562602/u/49/f/647410/c/35028/s/432706f6/sc/28/a2.img"" border=""0""/></a><img width=""1"" height=""1"" src=""http://pi.feedsportal.com/r/218611562602/u/49/f/647410/c/35028/s/432706f6/sc/28/a2t.img"" border=""0""/><img src=""//feeds.feedburner.com/~r/Slashdot/slashdot/~4/waQrMrBHDpE"" height=""1"" width=""1"" alt=""""/>"
"Dell Venue 8 7000, ""World's Thinnest Tablet"" With Intel Moorefield Atom Reviewed",http://rss.slashdot.org/~r/Slashdot/slashdot/~3/lZ6o8GcOyPk/story01.htm,"MojoKid (1002251) writes ""Dell recently launched their Android-based Venue 8 7000 slate, claiming it's the ""world's thinnest"" tablet. It measures a mere 6 millimeters thick, or 0.24 inches and change. That's 0.1mm slimmer than Apple's iPad Air 2 and 1.5mm flatter than the iPad mini 3, giving Dell full bragging rights, even if by a hair. Dell also opted for an Intel Atom Z3580 processor under the hood, clocked at up to 2.3GHz. This quad-core part is built on Intel's 22nm Moorefield microarchitecture. Compared to its Bay Trail predecessor, Moorefield comes in a smaller package with superior thermal attributes, as well as better graphics performance, courtesy of its PowerVR G6430 graphics core. The Venue 8 7000 also features one of the best 8-inch OLED displays on the market, with edge-to-edge glass and a 2560x1600 resolution. Finally, the Venue 8 7000 is also the first to integrate Intel's RealSense Snapshot Depth Camera, which offers interesting re-focusing and stereoscopic effects, with potentially other, more interesting use cases down the road. Performance-wise, the Venue 8 7000 is solid enough though not a speedster, putting out metrics in the benchmarks that place it in the middle of the pack of premium tablets on the market currently.""<p><div class=""share_submission"" style=""position:relative;""> <a class=""slashpop"" href=""http://twitter.com/home?status=Dell+Venue+8+7000%2C+%22World's+Thinnest+Tablet%22+With+Intel+Moorefield+Atom+Reviewed%3A+http%3A%2F%2Fbit.ly%2F1IptnV9""><img src=""http://a.fsdn.com/sd/twitter_icon_large.png""></a> <a class=""slashpop"" href=""http://www.facebook.com/sharer.php?u=http%3A%2F%2Fhardware.slashdot.org%2Fstory%2F15%2F02%2F07%2F1622212%2Fdell-venue-8-7000-worlds-thinnest-tablet-with-intel-moorefield-atom-reviewed%3Futm_source%3Dslashdot%26utm_medium%3Dfacebook""><img src=""http://a.fsdn.com/sd/facebook_icon_large.png""></a> <a class=""nobg"" href=""http://plus.google.com/share?url=http://hardware.slashdot.org/story/15/02/07/1622212/dell-venue-8-7000-worlds-thinnest-tablet-with-intel-moorefield-atom-reviewed?utm_source=slashdot&amp;utm_medium=googleplus"" onclick=""javascript:window.open(this.href,'', 'menubar=no,toolbar=no,resizable=yes,scrollbars=yes,height=600,width=600');return false;""><img src=""http://www.gstatic.com/images/icons/gplus-16.png"" alt=""Share on Google+""/></a> </div></p><p><a href=""http://hardware.slashdot.org/story/15/02/07/1622212/dell-venue-8-7000-worlds-thinnest-tablet-with-intel-moorefield-atom-reviewed?utm_source=rss1.0moreanon&amp;utm_medium=feed"">Read more of this story</a> at Slashdot.</p><iframe src=""http://slashdot.org/slashdot-it.pl?op=discuss&amp;id=6926119&amp;smallembed=1"" style=""height: 300px; width: 100%; border: none;""></iframe><img width='1' height='1' src='http://slashdot.feedsportal.com/c/35028/f/647410/s/4327a097/sc/28/mf.gif' border='0'/><br clear='all'/><img src=""//feeds.feedburner.com/~r/Slashdot/slashdot/~4/lZ6o8GcOyPk"" height=""1"" width=""1"" alt=""""/>"
Earth's Libration Visualized For the First Time Above the Moon's Far Side,http://rss.slashdot.org/~r/Slashdot/slashdot/~3/BZh3E2GG2sU/story01.htm,"StartsWithABang writes Thanks to the fact that the Moon is tidally locked, we can only see 50% of its surface on any given night. Over time, the fact that the Moon's orbit is elliptical, and that it moves faster at perigee and slower at apogee means that up to another 9% is visible over the course of many years. The observed ""rocking"" and growing/shrinking of the Moon over time is known as lunar libration, an incredibly interesting phenomenon. But now, for the first time, we've been able to visualize how the Earth appears to move as seen from above the far side of the Moon.<p><div class=""share_submission"" style=""position:relative;""> <a class=""slashpop"" href=""http://twitter.com/home?status=Earth's+Libration+Visualized+For+the+First+Time+Above+the+Moon's+Far+Side%3A+http%3A%2F%2Fbit.ly%2F1zjrgHD""><img src=""http://a.fsdn.com/sd/twitter_icon_large.png""></a> <a class=""slashpop"" href=""http://www.facebook.com/sharer.php?u=http%3A%2F%2Fscience.slashdot.org%2Fstory%2F15%2F02%2F07%2F2337213%2Fearths-libration-visualized-for-the-first-time-above-the-moons-far-side%3Futm_source%3Dslashdot%26utm_medium%3Dfacebook""><img src=""http://a.fsdn.com/sd/facebook_icon_large.png""></a> <a class=""nobg"" href=""http://plus.google.com/share?url=http://science.slashdot.org/story/15/02/07/2337213/earths-libration-visualized-for-the-first-time-above-the-moons-far-side?utm_source=slashdot&amp;utm_medium=googleplus"" onclick=""javascript:window.open(this.href,'', 'menubar=no,toolbar=no,resizable=yes,scrollbars=yes,height=600,width=600');return false;""><img src=""http://www.gstatic.com/images/icons/gplus-16.png"" alt=""Share on Google+""/></a> </div></p><p><a href=""http://science.slashdot.org/story/15/02/07/2337213/earths-libration-visualized-for-the-first-time-above-the-moons-far-side?utm_source=rss1.0moreanon&amp;utm_medium=feed"">Read more of this story</a> at Slashdot.</p><iframe src=""http://slashdot.org/slashdot-it.pl?op=discuss&amp;id=6928943&amp;smallembed=1"" style=""height: 300px; width: 100%; border: none;""></iframe><img width='1' height='1' src='http://slashdot.feedsportal.com/c/35028/f/647410/s/432820c3/sc/10/mf.gif' border='0'/><br clear='all'/><br/><br/><a href=""http://da.feedsportal.com/r/218611549686/u/49/f/647410/c/35028/s/432820c3/sc/10/rc/1/rc.htm"" rel=""nofollow""><img src=""http://da.feedsportal.com/r/218611549686/u/49/f/647410/c/35028/s/432820c3/sc/10/rc/1/rc.img"" border=""0""/></a><br/><a href=""http://da.feedsportal.com/r/218611549686/u/49/f/647410/c/35028/s/432820c3/sc/10/rc/2/rc.htm"" rel=""nofollow""><img src=""http://da.feedsportal.com/r/218611549686/u/49/f/647410/c/35028/s/432820c3/sc/10/rc/2/rc.img"" border=""0""/></a><br/><a href=""http://da.feedsportal.com/r/218611549686/u/49/f/647410/c/35028/s/432820c3/sc/10/rc/3/rc.htm"" rel=""nofollow""><img src=""http://da.feedsportal.com/r/218611549686/u/49/f/647410/c/35028/s/432820c3/sc/10/rc/3/rc.img"" border=""0""/></a><br/><br/><a href=""http://da.feedsportal.com/r/218611549686/u/49/f/647410/c/35028/s/432820c3/sc/10/a2.htm""><img src=""http://da.feedsportal.com/r/218611549686/u/49/f/647410/c/35028/s/432820c3/sc/10/a2.img"" border=""0""/></a><img width=""1"" height=""1"" src=""http://pi.feedsportal.com/r/218611549686/u/49/f/647410/c/35028/s/432820c3/sc/10/a2t.img"" border=""0""/><img src=""//feeds.feedburner.com/~r/Slashdot/slashdot/~4/BZh3E2GG2sU"" height=""1"" width=""1"" alt=""""/>"
"For Saudis and Pakistan, a Bird of Contention (New York Times)",http://news.feedzilla.com/en_us/stories/science/421030610?client_source=api&format=json,"The High Court in Baluchistan has canceled all foreign permits to hunt the
houbara bustard in response to complaints from conservationists.

"
"For These Plants, No Victim Is Too Small (Scientific American)",http://news.feedzilla.com/en_us/stories/science/420843996?client_source=api&format=json,"The tropical plant Genlisea is a tiny, homely rosette of simple green leaves.
If you dig up its roots, you will find what look like an unremarkable bunch
long, pale underground roots.


-- Read more on ScientificAmerican.com

"
Google Earth Pro Now Available Free,http://rss.slashdot.org/~r/Slashdot/slashdot/~3/ryPVezqyrqM/story01.htm,"HughPickens.com writes Google has long offered a Pro version of Google Earth for $399 per year that includes some pretty cool extras not found in the free version. Now Rick Broida reports at Cnet that you can get Google Earth Pro absolutely free. All you have to do is download the installer, run it, then sign in using your e-mail address (as your username) and license code GEPFREE. Features include: Advanced measurements: Measure parking lots and land developments with polygon area measure, or determine affected radius with circle measure; High-resolution printing: Print images up to 4,800 x 3,200 pixel resolution; Exclusive pro data layers with Demographics and traffic count; Spreadsheet import: Ingest up to 2,500 addresses at a time, assigning place marks and style templates in bulk; and Movie-Maker: Export Windows Media and QuickTime HD movies, up to 1,920x1,080-pixel resolution. If you've ever been involved in a property dispute, you'll know how acrimonious they can get. Google Earth Pro includes parcel data that definitively defines property boundaries. ""Do you really need this? Probably not, as Pro was created with business/enterprise users in mind,"" writes Broida. ""Let's be honest, [Google Earth Pro has] entertainment value that's virtually impossible to measure.""<p><div class=""share_submission"" style=""position:relative;""> <a class=""slashpop"" href=""http://twitter.com/home?status=Google+Earth+Pro+Now+Available+Free%3A+http%3A%2F%2Fbit.ly%2F1DablkN""><img src=""http://a.fsdn.com/sd/twitter_icon_large.png""></a> <a class=""slashpop"" href=""http://www.facebook.com/sharer.php?u=http%3A%2F%2Fsearch.slashdot.org%2Fstory%2F15%2F02%2F08%2F1854255%2Fgoogle-earth-pro-now-available-free%3Futm_source%3Dslashdot%26utm_medium%3Dfacebook""><img src=""http://a.fsdn.com/sd/facebook_icon_large.png""></a> <a class=""nobg"" href=""http://plus.google.com/share?url=http://search.slashdot.org/story/15/02/08/1854255/google-earth-pro-now-available-free?utm_source=slashdot&amp;utm_medium=googleplus"" onclick=""javascript:window.open(this.href,'', 'menubar=no,toolbar=no,resizable=yes,scrollbars=yes,height=600,width=600');return false;""><img src=""http://www.gstatic.com/images/icons/gplus-16.png"" alt=""Share on Google+""/></a> </div></p><p><a href=""http://search.slashdot.org/story/15/02/08/1854255/google-earth-pro-now-available-free?utm_source=rss1.0moreanon&amp;utm_medium=feed"">Read more of this story</a> at Slashdot.</p><iframe src=""http://slashdot.org/slashdot-it.pl?op=discuss&amp;id=6934523&amp;smallembed=1"" style=""height: 300px; width: 100%; border: none;""></iframe><img width='1' height='1' src='http://slashdot.feedsportal.com/c/35028/f/647410/s/432cc37c/sc/4/mf.gif' border='0'/><br clear='all'/><br/><br/><a href=""http://da.feedsportal.com/r/218611594233/u/49/f/647410/c/35028/s/432cc37c/sc/4/rc/1/rc.htm"" rel=""nofollow""><img src=""http://da.feedsportal.com/r/218611594233/u/49/f/647410/c/35028/s/432cc37c/sc/4/rc/1/rc.img"" border=""0""/></a><br/><a href=""http://da.feedsportal.com/r/218611594233/u/49/f/647410/c/35028/s/432cc37c/sc/4/rc/2/rc.htm"" rel=""nofollow""><img src=""http://da.feedsportal.com/r/218611594233/u/49/f/647410/c/35028/s/432cc37c/sc/4/rc/2/rc.img"" border=""0""/></a><br/><a href=""http://da.feedsportal.com/r/218611594233/u/49/f/647410/c/35028/s/432cc37c/sc/4/rc/3/rc.htm"" rel=""nofollow""><img src=""http://da.feedsportal.com/r/218611594233/u/49/f/647410/c/35028/s/432cc37c/sc/4/rc/3/rc.img"" border=""0""/></a><br/><br/><a href=""http://da.feedsportal.com/r/218611594233/u/49/f/647410/c/35028/s/432cc37c/sc/4/a2.htm""><img src=""http://da.feedsportal.com/r/218611594233/u/49/f/647410/c/35028/s/432cc37c/sc/4/a2.img"" border=""0""/></a><img width=""1"" height=""1"" src=""http://pi.feedsportal.com/r/218611594233/u/49/f/647410/c/35028/s/432cc37c/sc/4/a2t.img"" border=""0""/><img src=""//feeds.feedburner.com/~r/Slashdot/slashdot/~4/ryPVezqyrqM"" height=""1"" width=""1"" alt=""""/>"
Lack of ice hampers efforts to net homely invasive fish (The Arizona Republic),http://news.feedzilla.com/en_us/stories/science/420868007?client_source=api&format=json,"CHEYENNE, Wyo. (AP) -- Warm weather has helped grant a reprieve this year to a
homely, eel-like and especially slimy fish pursued by anglers as they compete
for big money in two annual ice-fishing tournaments at a reservoir on the
Wyoming-Utah line....

"
Midamar exhibits at Gulfood and launches new premium chicken line for foodservice sector (AME ),http://news.feedzilla.com/en_us/stories/science/421049845?client_source=api&format=json,"Jalel Aossey, Midamar owner to speak at Gulfood Franchising Forum on February
11

"
"Mystery Ash Clouds Rain In Parts of Washington, Oregon",http://rss.slashdot.org/~r/Slashdot/slashdot/~3/AkR-Go-hb80/story01.htm,"Inland parts of Oregon and Washington, as well as Idaho, have experienced a strange, murky rain today that contains what seems to be volcanic ash, though ash from which volcano isn't completely clear. Experts said they are checking out several possible explanations including a recent volcanic eruption in Mexico and one in Russia. The weather service said the rainstorm may have passed through some dust or volcanic ash as it moved west. Walla Walla County's emergency management staff posted a statement on its Facebook page that the ash is likely from Volcano Shiveluch in Kamchatka Krai, Russia, some 3,000 miles away. Volcano Shiveluch spewed an ash plume about 22,000 feet high in late January, the statement said.... CNN meteorologist Derek Van Dam, meanwhile, pointed to an eruption Wednesday of a volcano in southwestern Colima, Mexico, as another potential source of the dirty rain. That volcano is more than 2,000 miles away from the region. Time points out that other theories include leftover ash from last year&rsquo;s wildfires in Oregon in Idaho.<p><div class=""share_submission"" style=""position:relative;""> <a class=""slashpop"" href=""http://twitter.com/home?status=Mystery+Ash+Clouds+Rain+In+Parts+of+Washington%2C+Oregon%3A+http%3A%2F%2Fbit.ly%2F1CGxecR""><img src=""http://a.fsdn.com/sd/twitter_icon_large.png""></a> <a class=""slashpop"" href=""http://www.facebook.com/sharer.php?u=http%3A%2F%2Fscience.slashdot.org%2Fstory%2F15%2F02%2F08%2F0042241%2Fmystery-ash-clouds-rain-in-parts-of-washington-oregon%3Futm_source%3Dslashdot%26utm_medium%3Dfacebook""><img src=""http://a.fsdn.com/sd/facebook_icon_large.png""></a> <a class=""nobg"" href=""http://plus.google.com/share?url=http://science.slashdot.org/story/15/02/08/0042241/mystery-ash-clouds-rain-in-parts-of-washington-oregon?utm_source=slashdot&amp;utm_medium=googleplus"" onclick=""javascript:window.open(this.href,'', 'menubar=no,toolbar=no,resizable=yes,scrollbars=yes,height=600,width=600');return false;""><img src=""http://www.gstatic.com/images/icons/gplus-16.png"" alt=""Share on Google+""/></a> </div></p><p><a href=""http://science.slashdot.org/story/15/02/08/0042241/mystery-ash-clouds-rain-in-parts-of-washington-oregon?utm_source=rss1.0moreanon&amp;utm_medium=feed"">Read more of this story</a> at Slashdot.</p><iframe src=""http://slashdot.org/slashdot-it.pl?op=discuss&amp;id=6929363&amp;smallembed=1"" style=""height: 300px; width: 100%; border: none;""></iframe><img width='1' height='1' src='http://slashdot.feedsportal.com/c/35028/f/647410/s/4328c4ae/sc/32/mf.gif' border='0'/><br clear='all'/><br/><br/><a href=""http://da.feedsportal.com/r/218611553309/u/49/f/647410/c/35028/s/4328c4ae/sc/32/rc/1/rc.htm"" rel=""nofollow""><img src=""http://da.feedsportal.com/r/218611553309/u/49/f/647410/c/35028/s/4328c4ae/sc/32/rc/1/rc.img"" border=""0""/></a><br/><a href=""http://da.feedsportal.com/r/218611553309/u/49/f/647410/c/35028/s/4328c4ae/sc/32/rc/2/rc.htm"" rel=""nofollow""><img src=""http://da.feedsportal.com/r/218611553309/u/49/f/647410/c/35028/s/4328c4ae/sc/32/rc/2/rc.img"" border=""0""/></a><br/><a href=""http://da.feedsportal.com/r/218611553309/u/49/f/647410/c/35028/s/4328c4ae/sc/32/rc/3/rc.htm"" rel=""nofollow""><img src=""http://da.feedsportal.com/r/218611553309/u/49/f/647410/c/35028/s/4328c4ae/sc/32/rc/3/rc.img"" border=""0""/></a><br/><br/><a href=""http://da.feedsportal.com/r/218611553309/u/49/f/647410/c/35028/s/4328c4ae/sc/32/a2.htm""><img src=""http://da.feedsportal.com/r/218611553309/u/49/f/647410/c/35028/s/4328c4ae/sc/32/a2.img"" border=""0""/></a><img width=""1"" height=""1"" src=""http://pi.feedsportal.com/r/218611553309/u/49/f/647410/c/35028/s/4328c4ae/sc/32/a2t.img"" border=""0""/><img src=""//feeds.feedburner.com/~r/Slashdot/slashdot/~4/AkR-Go-hb80"" height=""1"" width=""1"" alt=""""/>"
NOAA space weather satellite to provide solar storm warning (CBS News),http://news.feedzilla.com/en_us/stories/science/421113815?client_source=api&format=json,"A SpaceX Falcon 9 rocket is poised to launch a NOAA space weather satellite
first proposed by Vice President Al Gore 17 years ago

"
NOAA/NASA/USAF Deep Space Climate Observatory (DSCOVR) Launching Feb. 8 to Monitor Solar Winds (Universe Today),http://news.feedzilla.com/en_us/stories/science/420981764?client_source=api&format=json,"The long awaited Deep Space Climate Observatory, or DSCOVR science satellite
is slated to blast off atop a SpaceX Falcon 9 on Sunday, Feb. 8, from Cape
Canaveral, Florida on a mission to monitor the solar wind and aid very
important forecasts of space weather at Earth. DSCOVR is a joint mission
between NOAA, NASA, […]

"
"NYPD Creates Fake Social Media Profiles To Track Loud Parties, Underage Drinking",http://rss.slashdot.org/~r/Slashdot/slashdot/~3/3XWV1Kfj3No/story01.htm,"v3rgEz writes Is that Facebook friend request from the cute girl in third period, or an undercover officer looking to bust up the next high shool kegger? That's the question more students in New York City might be asking, as newly released documents from the NYPD disclose its process for agents creating undercover social media aliases with the aims of uprooting terrorist plots, tracking ""political activity,"" and other nefarious crimes like underage drinking or pre-meditated loud partying. Fake profiles must be approved by bureau brass, unless it would ""seriously impair"" an investigation or risk life or property damage.<p><div class=""share_submission"" style=""position:relative;""> <a class=""slashpop"" href=""http://twitter.com/home?status=NYPD+Creates+Fake+Social+Media+Profiles+To+Track+Loud+Parties%2C+Underage+Drinking%3A+http%3A%2F%2Fbit.ly%2F1zJ1yzW""><img src=""http://a.fsdn.com/sd/twitter_icon_large.png""></a> <a class=""slashpop"" href=""http://www.facebook.com/sharer.php?u=http%3A%2F%2Fyro.slashdot.org%2Fstory%2F15%2F02%2F07%2F1933202%2Fnypd-creates-fake-social-media-profiles-to-track-loud-parties-underage-drinking%3Futm_source%3Dslashdot%26utm_medium%3Dfacebook""><img src=""http://a.fsdn.com/sd/facebook_icon_large.png""></a> <a class=""nobg"" href=""http://plus.google.com/share?url=http://yro.slashdot.org/story/15/02/07/1933202/nypd-creates-fake-social-media-profiles-to-track-loud-parties-underage-drinking?utm_source=slashdot&amp;utm_medium=googleplus"" onclick=""javascript:window.open(this.href,'', 'menubar=no,toolbar=no,resizable=yes,scrollbars=yes,height=600,width=600');return false;""><img src=""http://www.gstatic.com/images/icons/gplus-16.png"" alt=""Share on Google+""/></a> </div></p><p><a href=""http://yro.slashdot.org/story/15/02/07/1933202/nypd-creates-fake-social-media-profiles-to-track-loud-parties-underage-drinking?utm_source=rss1.0moreanon&amp;utm_medium=feed"">Read more of this story</a> at Slashdot.</p><iframe src=""http://slashdot.org/slashdot-it.pl?op=discuss&amp;id=6927473&amp;smallembed=1"" style=""height: 300px; width: 100%; border: none;""></iframe><img width='1' height='1' src='http://slashdot.feedsportal.com/c/35028/f/647410/s/43272b72/sc/8/mf.gif' border='0'/><br clear='all'/><br/><br/><a href=""http://da.feedsportal.com/r/218611570508/u/49/f/647410/c/35028/s/43272b72/sc/8/rc/1/rc.htm"" rel=""nofollow""><img src=""http://da.feedsportal.com/r/218611570508/u/49/f/647410/c/35028/s/43272b72/sc/8/rc/1/rc.img"" border=""0""/></a><br/><a href=""http://da.feedsportal.com/r/218611570508/u/49/f/647410/c/35028/s/43272b72/sc/8/rc/2/rc.htm"" rel=""nofollow""><img src=""http://da.feedsportal.com/r/218611570508/u/49/f/647410/c/35028/s/43272b72/sc/8/rc/2/rc.img"" border=""0""/></a><br/><a href=""http://da.feedsportal.com/r/218611570508/u/49/f/647410/c/35028/s/43272b72/sc/8/rc/3/rc.htm"" rel=""nofollow""><img src=""http://da.feedsportal.com/r/218611570508/u/49/f/647410/c/35028/s/43272b72/sc/8/rc/3/rc.img"" border=""0""/></a><br/><br/><a href=""http://da.feedsportal.com/r/218611570508/u/49/f/647410/c/35028/s/43272b72/sc/8/a2.htm""><img src=""http://da.feedsportal.com/r/218611570508/u/49/f/647410/c/35028/s/43272b72/sc/8/a2.img"" border=""0""/></a><img width=""1"" height=""1"" src=""http://pi.feedsportal.com/r/218611570508/u/49/f/647410/c/35028/s/43272b72/sc/8/a2t.img"" border=""0""/><img src=""//feeds.feedburner.com/~r/Slashdot/slashdot/~4/3XWV1Kfj3No"" height=""1"" width=""1"" alt=""""/>"
RMS Objects To Support For LLVM's Debugger In GNU Emacs's Gud.el,http://rss.slashdot.org/~r/Slashdot/slashdot/~3/q4E0Ummr__A/story01.htm,"An anonymous reader writes with the news that Richard Stallman is upset over the prospect of GNU Emacs's Grand Unified Debugger (Gud.el) supporting LLVM's LLDB debugger. Stallman says it looks like there is a systematic effort to attack GNU packages and calls for the GNU to respond strategically. He wrote his concerns to the mailing list after a patch emerged that would optionally support LLDB alongside GDB as an alternative debugger for Emacs. Other Emacs developers discounted RMS' claims by saying Emacs supports Windows and OS X, so why not support a BSD-licensed compiler/debugger? The Emacs maintainer has called the statements irrelevant and won't affect their decision to merge the LLDB support.<p><div class=""share_submission"" style=""position:relative;""> <a class=""slashpop"" href=""http://twitter.com/home?status=RMS+Objects+To+Support+For+LLVM's+Debugger+In+GNU+Emacs's+Gud.el%3A+http%3A%2F%2Fbit.ly%2F1KxwGqU""><img src=""http://a.fsdn.com/sd/twitter_icon_large.png""></a> <a class=""slashpop"" href=""http://www.facebook.com/sharer.php?u=http%3A%2F%2Fdevelopers.slashdot.org%2Fstory%2F15%2F02%2F08%2F210241%2Frms-objects-to-support-for-llvms-debugger-in-gnu-emacss-gudel%3Futm_source%3Dslashdot%26utm_medium%3Dfacebook""><img src=""http://a.fsdn.com/sd/facebook_icon_large.png""></a> <a class=""nobg"" href=""http://plus.google.com/share?url=http://developers.slashdot.org/story/15/02/08/210241/rms-objects-to-support-for-llvms-debugger-in-gnu-emacss-gudel?utm_source=slashdot&amp;utm_medium=googleplus"" onclick=""javascript:window.open(this.href,'', 'menubar=no,toolbar=no,resizable=yes,scrollbars=yes,height=600,width=600');return false;""><img src=""http://www.gstatic.com/images/icons/gplus-16.png"" alt=""Share on Google+""/></a> </div></p><p><a href=""http://developers.slashdot.org/story/15/02/08/210241/rms-objects-to-support-for-llvms-debugger-in-gnu-emacss-gudel?utm_source=rss1.0moreanon&amp;utm_medium=feed"">Read more of this story</a> at Slashdot.</p><iframe src=""http://slashdot.org/slashdot-it.pl?op=discuss&amp;id=6934855&amp;smallembed=1"" style=""height: 300px; width: 100%; border: none;""></iframe><img width='1' height='1' src='http://slashdot.feedsportal.com/c/35028/f/647410/s/432d38e9/sc/4/mf.gif' border='0'/><br clear='all'/><br/><br/><a href=""http://da.feedsportal.com/r/218611587795/u/49/f/647410/c/35028/s/432d38e9/sc/4/rc/1/rc.htm"" rel=""nofollow""><img src=""http://da.feedsportal.com/r/218611587795/u/49/f/647410/c/35028/s/432d38e9/sc/4/rc/1/rc.img"" border=""0""/></a><br/><a href=""http://da.feedsportal.com/r/218611587795/u/49/f/647410/c/35028/s/432d38e9/sc/4/rc/2/rc.htm"" rel=""nofollow""><img src=""http://da.feedsportal.com/r/218611587795/u/49/f/647410/c/35028/s/432d38e9/sc/4/rc/2/rc.img"" border=""0""/></a><br/><a href=""http://da.feedsportal.com/r/218611587795/u/49/f/647410/c/35028/s/432d38e9/sc/4/rc/3/rc.htm"" rel=""nofollow""><img src=""http://da.feedsportal.com/r/218611587795/u/49/f/647410/c/35028/s/432d38e9/sc/4/rc/3/rc.img"" border=""0""/></a><br/><br/><a href=""http://da.feedsportal.com/r/218611587795/u/49/f/647410/c/35028/s/432d38e9/sc/4/a2.htm""><img src=""http://da.feedsportal.com/r/218611587795/u/49/f/647410/c/35028/s/432d38e9/sc/4/a2.img"" border=""0""/></a><img width=""1"" height=""1"" src=""http://pi.feedsportal.com/r/218611587795/u/49/f/647410/c/35028/s/432d38e9/sc/4/a2t.img"" border=""0""/><img src=""//feeds.feedburner.com/~r/Slashdot/slashdot/~4/q4E0Ummr__A"" height=""1"" width=""1"" alt=""""/>"
Rare Case of Conjoined Lizard Twins Reported at Zoo (Discovery),http://news.feedzilla.com/en_us/stories/science/420978512?client_source=api&format=json,"The lizards' heads and abdominal tissues were conjoined, but each had a body
that was generally well-developed.

"
Reducing Lifestyle Diseases Means Changing Our Environment (Scientific American),http://news.feedzilla.com/en_us/stories/science/420643858?client_source=api&format=json,"I've always found gyms a bit strange. Think about it: Dozens of people
sweating in close proximity, running on conveyor belts going nowhere, lifting
and dropping heavy objects for no reason.


-- Read more on ScientificAmerican.com

"
Replacing the Turing Test,http://rss.slashdot.org/~r/Slashdot/slashdot/~3/j2aAUur8xpY/story01.htm,"mikejuk writes A plan is afoot to replace the Turing test as a measure of a computer's ability to think. The idea is for an annual or bi-annual Turing Championship consisting of three to five different challenging tasks. A recent workshop at the 2015 AAAI Conference of Artificial Intelligence was chaired by Gary Marcus, a professor of psychology at New York University. His opinion is that the Turing Test had reached its expiry date and has become ""an exercise in deception and evasion."" Marcus points out: the real value of the Turing Test comes from the sense of competition it sparks amongst programmers and engineers which has motivated the new initiative for a multi-task competition. The one of the tasks is based on Winograd Schemas. This requires participants to grasp the meaning of sentences that are easy for humans to understand through their knowledge of the world. One simple example is: ""The trophy would not fit in the brown suitcase because it was too big. What was too big?"" Another suggestion is for the program to answer questions about a TV program: No existing program &mdash; not Watson, not Goostman, not Siri &mdash; can currently come close to doing what any bright, real teenager can do: watch an episode of ""The Simpsons,"" and tell us when to laugh. Another is called the ""Ikea"" challenge and asks for robots to co-operate with humans to build flat-pack furniture. This involves interpreting written instructions, choosing the right piece, and holding it in just the right position for a human teammate. This at least is a useful skill that might encourage us to welcome machines into our homes.<p><div class=""share_submission"" style=""position:relative;""> <a class=""slashpop"" href=""http://twitter.com/home?status=Replacing+the+Turing+Test%3A+http%3A%2F%2Fbit.ly%2F1DtEvvO""><img src=""http://a.fsdn.com/sd/twitter_icon_large.png""></a> <a class=""slashpop"" href=""http://www.facebook.com/sharer.php?u=http%3A%2F%2Fhardware.slashdot.org%2Fstory%2F15%2F02%2F08%2F1751201%2Freplacing-the-turing-test%3Futm_source%3Dslashdot%26utm_medium%3Dfacebook""><img src=""http://a.fsdn.com/sd/facebook_icon_large.png""></a> <a class=""nobg"" href=""http://plus.google.com/share?url=http://hardware.slashdot.org/story/15/02/08/1751201/replacing-the-turing-test?utm_source=slashdot&amp;utm_medium=googleplus"" onclick=""javascript:window.open(this.href,'', 'menubar=no,toolbar=no,resizable=yes,scrollbars=yes,height=600,width=600');return false;""><img src=""http://www.gstatic.com/images/icons/gplus-16.png"" alt=""Share on Google+""/></a> </div></p><p><a href=""http://hardware.slashdot.org/story/15/02/08/1751201/replacing-the-turing-test?utm_source=rss1.0moreanon&amp;utm_medium=feed"">Read more of this story</a> at Slashdot.</p><iframe src=""http://slashdot.org/slashdot-it.pl?op=discuss&amp;id=6934345&amp;smallembed=1"" style=""height: 300px; width: 100%; border: none;""></iframe><img width='1' height='1' src='http://slashdot.feedsportal.com/c/35028/f/647410/s/432c7663/sc/4/mf.gif' border='0'/><br clear='all'/><br/><br/><a href=""http://da.feedsportal.com/r/219132827293/u/49/f/647410/c/35028/s/432c7663/sc/4/rc/1/rc.htm"" rel=""nofollow""><img src=""http://da.feedsportal.com/r/219132827293/u/49/f/647410/c/35028/s/432c7663/sc/4/rc/1/rc.img"" border=""0""/></a><br/><a href=""http://da.feedsportal.com/r/219132827293/u/49/f/647410/c/35028/s/432c7663/sc/4/rc/2/rc.htm"" rel=""nofollow""><img src=""http://da.feedsportal.com/r/219132827293/u/49/f/647410/c/35028/s/432c7663/sc/4/rc/2/rc.img"" border=""0""/></a><br/><a href=""http://da.feedsportal.com/r/219132827293/u/49/f/647410/c/35028/s/432c7663/sc/4/rc/3/rc.htm"" rel=""nofollow""><img src=""http://da.feedsportal.com/r/219132827293/u/49/f/647410/c/35028/s/432c7663/sc/4/rc/3/rc.img"" border=""0""/></a><br/><br/><a href=""http://da.feedsportal.com/r/219132827293/u/49/f/647410/c/35028/s/432c7663/sc/4/a2.htm""><img src=""http://da.feedsportal.com/r/219132827293/u/49/f/647410/c/35028/s/432c7663/sc/4/a2.img"" border=""0""/></a><img width=""1"" height=""1"" src=""http://pi.feedsportal.com/r/219132827293/u/49/f/647410/c/35028/s/432c7663/sc/4/a2t.img"" border=""0""/><img src=""//feeds.feedburner.com/~r/Slashdot/slashdot/~4/j2aAUur8xpY"" height=""1"" width=""1"" alt=""""/>"
"Sites Featuring ""Terrorism"" Or ""Child Pornography"" To Be Blocked In France",http://rss.slashdot.org/~r/Slashdot/slashdot/~3/u13MmaOUadI/story01.htm,"Advocatus Diaboli writes with this excerpt from Ars Technica: Now, the General Directorate of the National Police and its cybercrimes unit will be able to request that sites serving terrorist or pedophilia-related content be blocked by Internet Service Providers serving people in France and its territories. ISPs then have to comply with the request within 24 hours. ISPs will be able to request compensation from the French government for any extra costs incurred in blocking the sites. Users who navigate to a site 'to which access is prohibited will be led to an informational page from the Ministry of the Interior,' the text of the decree said. The informational page will list the grounds for the blocking as well as any possibly remedies. Every quarter, French authorities will check whether the blocked pages still contain the offending material. If not, then the authorities will contact ISPs, which will have to unblock the sites, again within 24 hours.<p><div class=""share_submission"" style=""position:relative;""> <a class=""slashpop"" href=""http://twitter.com/home?status=Sites+Featuring+%22Terrorism%22+Or+%22Child+Pornography%22+To+Be+Blocked+In+France%3A+http%3A%2F%2Fbit.ly%2F1A0e6X4""><img src=""http://a.fsdn.com/sd/twitter_icon_large.png""></a> <a class=""slashpop"" href=""http://www.facebook.com/sharer.php?u=http%3A%2F%2Fyro.slashdot.org%2Fstory%2F15%2F02%2F07%2F2244243%2Fsites-featuring-terrorism-or-child-pornography-to-be-blocked-in-france%3Futm_source%3Dslashdot%26utm_medium%3Dfacebook""><img src=""http://a.fsdn.com/sd/facebook_icon_large.png""></a> <a class=""nobg"" href=""http://plus.google.com/share?url=http://yro.slashdot.org/story/15/02/07/2244243/sites-featuring-terrorism-or-child-pornography-to-be-blocked-in-france?utm_source=slashdot&amp;utm_medium=googleplus"" onclick=""javascript:window.open(this.href,'', 'menubar=no,toolbar=no,resizable=yes,scrollbars=yes,height=600,width=600');return false;""><img src=""http://www.gstatic.com/images/icons/gplus-16.png"" alt=""Share on Google+""/></a> </div></p><p><a href=""http://yro.slashdot.org/story/15/02/07/2244243/sites-featuring-terrorism-or-child-pornography-to-be-blocked-in-france?utm_source=rss1.0moreanon&amp;utm_medium=feed"">Read more of this story</a> at Slashdot.</p><iframe src=""http://slashdot.org/slashdot-it.pl?op=discuss&amp;id=6928647&amp;smallembed=1"" style=""height: 300px; width: 100%; border: none;""></iframe><img width='1' height='1' src='http://slashdot.feedsportal.com/c/35028/f/647410/s/4327f9f1/sc/4/mf.gif' border='0'/><br clear='all'/><br/><br/><a href=""http://da.feedsportal.com/r/218611565914/u/49/f/647410/c/35028/s/4327f9f1/sc/4/rc/1/rc.htm"" rel=""nofollow""><img src=""http://da.feedsportal.com/r/218611565914/u/49/f/647410/c/35028/s/4327f9f1/sc/4/rc/1/rc.img"" border=""0""/></a><br/><a href=""http://da.feedsportal.com/r/218611565914/u/49/f/647410/c/35028/s/4327f9f1/sc/4/rc/2/rc.htm"" rel=""nofollow""><img src=""http://da.feedsportal.com/r/218611565914/u/49/f/647410/c/35028/s/4327f9f1/sc/4/rc/2/rc.img"" border=""0""/></a><br/><a href=""http://da.feedsportal.com/r/218611565914/u/49/f/647410/c/35028/s/4327f9f1/sc/4/rc/3/rc.htm"" rel=""nofollow""><img src=""http://da.feedsportal.com/r/218611565914/u/49/f/647410/c/35028/s/4327f9f1/sc/4/rc/3/rc.img"" border=""0""/></a><br/><br/><a href=""http://da.feedsportal.com/r/218611565914/u/49/f/647410/c/35028/s/4327f9f1/sc/4/a2.htm""><img src=""http://da.feedsportal.com/r/218611565914/u/49/f/647410/c/35028/s/4327f9f1/sc/4/a2.img"" border=""0""/></a><img width=""1"" height=""1"" src=""http://pi.feedsportal.com/r/218611565914/u/49/f/647410/c/35028/s/4327f9f1/sc/4/a2t.img"" border=""0""/><img src=""//feeds.feedburner.com/~r/Slashdot/slashdot/~4/u13MmaOUadI"" height=""1"" width=""1"" alt=""""/>"
"SpaceX Launch of ""GoreSat"" Planned For Today, Along With Another Landing Attempt",http://rss.slashdot.org/~r/Slashdot/slashdot/~3/Qvcrtp_6s74/story01.htm,"The New York Times reports that SpaceX will again attempt to recover a Falcon 9 launch vehicle, after the recent unsuccessful try; the company believes the lessons from the earlier launch have been learned, and today's launch will be loaded with more hydraulic fluid. This evening, the rocket is to loft the satellite nicknamed ""GoreSat,"" after Al Gore, who envisioned it as a sort of permanent eye in space beaing back pictures of Earth from afar. The purpose of the satellite has evolved, though: Writes the Times: The observatory, abbreviated as Dscovr and pronounced &ldquo;discover,&rdquo; is to serve as a sentinel for solar storms: bursts of high-energy particles originating from the sun. The particles from a gargantuan solar storm could induce electrical currents that might overwhelm the world&rsquo;s power grids, possibly causing continent-wide blackouts. Even a 15-minute warning could let power companies take actions to limit damage.<p><div class=""share_submission"" style=""position:relative;""> <a class=""slashpop"" href=""http://twitter.com/home?status=SpaceX+Launch+of+%22GoreSat%22+Planned+For+Today%2C+Along+With+Another+Landing+Attempt%3A+http%3A%2F%2Fbit.ly%2F1us2GsF""><img src=""http://a.fsdn.com/sd/twitter_icon_large.png""></a> <a class=""slashpop"" href=""http://www.facebook.com/sharer.php?u=http%3A%2F%2Fscience.slashdot.org%2Fstory%2F15%2F02%2F08%2F1547257%2Fspacex-launch-of-goresat-planned-for-today-along-with-another-landing-attempt%3Futm_source%3Dslashdot%26utm_medium%3Dfacebook""><img src=""http://a.fsdn.com/sd/facebook_icon_large.png""></a> <a class=""nobg"" href=""http://plus.google.com/share?url=http://science.slashdot.org/story/15/02/08/1547257/spacex-launch-of-goresat-planned-for-today-along-with-another-landing-attempt?utm_source=slashdot&amp;utm_medium=googleplus"" onclick=""javascript:window.open(this.href,'', 'menubar=no,toolbar=no,resizable=yes,scrollbars=yes,height=600,width=600');return false;""><img src=""http://www.gstatic.com/images/icons/gplus-16.png"" alt=""Share on Google+""/></a> </div></p><p><a href=""http://science.slashdot.org/story/15/02/08/1547257/spacex-launch-of-goresat-planned-for-today-along-with-another-landing-attempt?utm_source=rss1.0moreanon&amp;utm_medium=feed"">Read more of this story</a> at Slashdot.</p><iframe src=""http://slashdot.org/slashdot-it.pl?op=discuss&amp;id=6933975&amp;smallembed=1"" style=""height: 300px; width: 100%; border: none;""></iframe><img width='1' height='1' src='http://slashdot.feedsportal.com/c/35028/f/647410/s/432b96e2/sc/32/mf.gif' border='0'/><br clear='all'/><br/><br/><a href=""http://da.feedsportal.com/r/218611590860/u/49/f/647410/c/35028/s/432b96e2/sc/32/rc/1/rc.htm"" rel=""nofollow""><img src=""http://da.feedsportal.com/r/218611590860/u/49/f/647410/c/35028/s/432b96e2/sc/32/rc/1/rc.img"" border=""0""/></a><br/><a href=""http://da.feedsportal.com/r/218611590860/u/49/f/647410/c/35028/s/432b96e2/sc/32/rc/2/rc.htm"" rel=""nofollow""><img src=""http://da.feedsportal.com/r/218611590860/u/49/f/647410/c/35028/s/432b96e2/sc/32/rc/2/rc.img"" border=""0""/></a><br/><a href=""http://da.feedsportal.com/r/218611590860/u/49/f/647410/c/35028/s/432b96e2/sc/32/rc/3/rc.htm"" rel=""nofollow""><img src=""http://da.feedsportal.com/r/218611590860/u/49/f/647410/c/35028/s/432b96e2/sc/32/rc/3/rc.img"" border=""0""/></a><br/><br/><a href=""http://da.feedsportal.com/r/218611590860/u/49/f/647410/c/35028/s/432b96e2/sc/32/a2.htm""><img src=""http://da.feedsportal.com/r/218611590860/u/49/f/647410/c/35028/s/432b96e2/sc/32/a2.img"" border=""0""/></a><img width=""1"" height=""1"" src=""http://pi.feedsportal.com/r/218611590860/u/49/f/647410/c/35028/s/432b96e2/sc/32/a2t.img"" border=""0""/><img src=""//feeds.feedburner.com/~r/Slashdot/slashdot/~4/Qvcrtp_6s74"" height=""1"" width=""1"" alt=""""/>"
SpaceX rocket to launch weather satellite into deep space (reuters),http://news.feedzilla.com/en_us/stories/science/421103625?client_source=api&format=json,"CAPE CANAVERAL, Fla. (Reuters) - A SpaceX rocket is scheduled on Sunday to
launch a U.S. satellite from deep storage to deep space, where it will keep
tabs on solar storms and image Earth from nearly 1 million miles (1.6 million
km) away.







"
Swatting 19-Year-Old Arrested in Las Vegas,http://rss.slashdot.org/~r/Slashdot/slashdot/~3/vna3fJnVNVg/story01.htm,"Ars Technica reports that a Las Vegas teenager is in custody for multiple instances of swatting: Brandon Wilson, who goes by the online handle ""Famed God,"" was arrested Thursday in Nevada and faces an extradition hearing to determine whether he should be sent to face hacking and other charges. Illinois prosecutors said there was evidence on his computers about the July 10 swatting incident, in which he allegedly reported a murder to Naperville's emergency 911 line. The SWAT team responded, but the call was a hoax. The Chicago-Sun Times said that, in addition to the Naperville incident, the suspect's computers held evidence ""of similar incidents across the country.""<p><div class=""share_submission"" style=""position:relative;""> <a class=""slashpop"" href=""http://twitter.com/home?status=Swatting+19-Year-Old+Arrested+in+Las+Vegas%3A+http%3A%2F%2Fbit.ly%2F1DQ2Da6""><img src=""http://a.fsdn.com/sd/twitter_icon_large.png""></a> <a class=""slashpop"" href=""http://www.facebook.com/sharer.php?u=http%3A%2F%2Fyro.slashdot.org%2Fstory%2F15%2F02%2F07%2F221258%2Fswatting-19-year-old-arrested-in-las-vegas%3Futm_source%3Dslashdot%26utm_medium%3Dfacebook""><img src=""http://a.fsdn.com/sd/facebook_icon_large.png""></a> <a class=""nobg"" href=""http://plus.google.com/share?url=http://yro.slashdot.org/story/15/02/07/221258/swatting-19-year-old-arrested-in-las-vegas?utm_source=slashdot&amp;utm_medium=googleplus"" onclick=""javascript:window.open(this.href,'', 'menubar=no,toolbar=no,resizable=yes,scrollbars=yes,height=600,width=600');return false;""><img src=""http://www.gstatic.com/images/icons/gplus-16.png"" alt=""Share on Google+""/></a> </div></p><p><a href=""http://yro.slashdot.org/story/15/02/07/221258/swatting-19-year-old-arrested-in-las-vegas?utm_source=rss1.0moreanon&amp;utm_medium=feed"">Read more of this story</a> at Slashdot.</p><iframe src=""http://slashdot.org/slashdot-it.pl?op=discuss&amp;id=6928395&amp;smallembed=1"" style=""height: 300px; width: 100%; border: none;""></iframe><img width='1' height='1' src='http://slashdot.feedsportal.com/c/35028/f/647410/s/4327a096/sc/21/mf.gif' border='0'/><br clear='all'/><br/><br/><a href=""http://da.feedsportal.com/r/218611548281/u/49/f/647410/c/35028/s/4327a096/sc/21/rc/1/rc.htm"" rel=""nofollow""><img src=""http://da.feedsportal.com/r/218611548281/u/49/f/647410/c/35028/s/4327a096/sc/21/rc/1/rc.img"" border=""0""/></a><br/><a href=""http://da.feedsportal.com/r/218611548281/u/49/f/647410/c/35028/s/4327a096/sc/21/rc/2/rc.htm"" rel=""nofollow""><img src=""http://da.feedsportal.com/r/218611548281/u/49/f/647410/c/35028/s/4327a096/sc/21/rc/2/rc.img"" border=""0""/></a><br/><a href=""http://da.feedsportal.com/r/218611548281/u/49/f/647410/c/35028/s/4327a096/sc/21/rc/3/rc.htm"" rel=""nofollow""><img src=""http://da.feedsportal.com/r/218611548281/u/49/f/647410/c/35028/s/4327a096/sc/21/rc/3/rc.img"" border=""0""/></a><br/><br/><a href=""http://da.feedsportal.com/r/218611548281/u/49/f/647410/c/35028/s/4327a096/sc/21/a2.htm""><img src=""http://da.feedsportal.com/r/218611548281/u/49/f/647410/c/35028/s/4327a096/sc/21/a2.img"" border=""0""/></a><img width=""1"" height=""1"" src=""http://pi.feedsportal.com/r/218611548281/u/49/f/647410/c/35028/s/4327a096/sc/21/a2t.img"" border=""0""/><img src=""//feeds.feedburner.com/~r/Slashdot/slashdot/~4/vna3fJnVNVg"" height=""1"" width=""1"" alt=""""/>"
"The First Ubuntu Phone Is Here, With Underwhelming Hardware",http://rss.slashdot.org/~r/Slashdot/slashdot/~3/RMF_TGvbpew/story01.htm,"A few days ago, Fast Company reviewer Jay Cassano was enthusiastic about Ubuntu's approach to apps for its new phone OS: namely, not relying on them, and instead interfacing seamlessly with existing websites and protocols. Now, new submitter ablutions (4006541) writes with a less than glowing review at The Daily Dot of the actual hardware that the OS is launching on. A sample that conveys the gist: Let's start with the good stuff: It sports a 4.5-inch multi-touch screen and a respectable 8-megapixel rear camera and 5-megapixel lens on the front. That's pretty much it. The list of negatives is a bit longer.<p><div class=""share_submission"" style=""position:relative;""> <a class=""slashpop"" href=""http://twitter.com/home?status=The+First+Ubuntu+Phone+Is+Here%2C+With+Underwhelming+Hardware%3A+http%3A%2F%2Fbit.ly%2F1EP4X4x""><img src=""http://a.fsdn.com/sd/twitter_icon_large.png""></a> <a class=""slashpop"" href=""http://www.facebook.com/sharer.php?u=http%3A%2F%2Ftech.slashdot.org%2Fstory%2F15%2F02%2F08%2F0034236%2Fthe-first-ubuntu-phone-is-here-with-underwhelming-hardware%3Futm_source%3Dslashdot%26utm_medium%3Dfacebook""><img src=""http://a.fsdn.com/sd/facebook_icon_large.png""></a> <a class=""nobg"" href=""http://plus.google.com/share?url=http://tech.slashdot.org/story/15/02/08/0034236/the-first-ubuntu-phone-is-here-with-underwhelming-hardware?utm_source=slashdot&amp;utm_medium=googleplus"" onclick=""javascript:window.open(this.href,'', 'menubar=no,toolbar=no,resizable=yes,scrollbars=yes,height=600,width=600');return false;""><img src=""http://www.gstatic.com/images/icons/gplus-16.png"" alt=""Share on Google+""/></a> </div></p><p><a href=""http://tech.slashdot.org/story/15/02/08/0034236/the-first-ubuntu-phone-is-here-with-underwhelming-hardware?utm_source=rss1.0moreanon&amp;utm_medium=feed"">Read more of this story</a> at Slashdot.</p><iframe src=""http://slashdot.org/slashdot-it.pl?op=discuss&amp;id=6929311&amp;smallembed=1"" style=""height: 300px; width: 100%; border: none;""></iframe><img width='1' height='1' src='http://slashdot.feedsportal.com/c/35028/f/647410/s/4328b74b/sc/5/mf.gif' border='0'/><br clear='all'/><br/><br/><a href=""http://da.feedsportal.com/r/218611551625/u/49/f/647410/c/35028/s/4328b74b/sc/5/rc/1/rc.htm"" rel=""nofollow""><img src=""http://da.feedsportal.com/r/218611551625/u/49/f/647410/c/35028/s/4328b74b/sc/5/rc/1/rc.img"" border=""0""/></a><br/><a href=""http://da.feedsportal.com/r/218611551625/u/49/f/647410/c/35028/s/4328b74b/sc/5/rc/2/rc.htm"" rel=""nofollow""><img src=""http://da.feedsportal.com/r/218611551625/u/49/f/647410/c/35028/s/4328b74b/sc/5/rc/2/rc.img"" border=""0""/></a><br/><a href=""http://da.feedsportal.com/r/218611551625/u/49/f/647410/c/35028/s/4328b74b/sc/5/rc/3/rc.htm"" rel=""nofollow""><img src=""http://da.feedsportal.com/r/218611551625/u/49/f/647410/c/35028/s/4328b74b/sc/5/rc/3/rc.img"" border=""0""/></a><br/><br/><a href=""http://da.feedsportal.com/r/218611551625/u/49/f/647410/c/35028/s/4328b74b/sc/5/a2.htm""><img src=""http://da.feedsportal.com/r/218611551625/u/49/f/647410/c/35028/s/4328b74b/sc/5/a2.img"" border=""0""/></a><img width=""1"" height=""1"" src=""http://pi.feedsportal.com/r/218611551625/u/49/f/647410/c/35028/s/4328b74b/sc/5/a2t.img"" border=""0""/><img src=""//feeds.feedburner.com/~r/Slashdot/slashdot/~4/RMF_TGvbpew"" height=""1"" width=""1"" alt=""""/>"
The Man Squatting On Millions of Dollars Worth of Domain Names,http://rss.slashdot.org/~r/Slashdot/slashdot/~3/CDO-y5OVDwc/story01.htm,"Jason Koebler writes For the last 21 years, Gary Millin and his colleagues at World Accelerator have been slowly accumulating a veritable treasure trove of seemingly premium generic domain names. For instance, Millin owns, has sold, or has bartered away world.com, usa.com, doctor.com, lawyer.com, comic.com, email.com, cyberservices.com, and more than 1,000 other domain names that can be yours (including yours.com, which he owns), as long as you've got the startup idea to back it up. Millin doesn't sell domain names anymore, instead, he trades them to startups in exchange for a stake in the company.<p><div class=""share_submission"" style=""position:relative;""> <a class=""slashpop"" href=""http://twitter.com/home?status=The+Man+Squatting+On+Millions+of+Dollars+Worth+of+Domain+Names%3A+http%3A%2F%2Fbit.ly%2F1IqgUQW""><img src=""http://a.fsdn.com/sd/twitter_icon_large.png""></a> <a class=""slashpop"" href=""http://www.facebook.com/sharer.php?u=http%3A%2F%2Ftech.slashdot.org%2Fstory%2F15%2F02%2F07%2F2038213%2Fthe-man-squatting-on-millions-of-dollars-worth-of-domain-names%3Futm_source%3Dslashdot%26utm_medium%3Dfacebook""><img src=""http://a.fsdn.com/sd/facebook_icon_large.png""></a> <a class=""nobg"" href=""http://plus.google.com/share?url=http://tech.slashdot.org/story/15/02/07/2038213/the-man-squatting-on-millions-of-dollars-worth-of-domain-names?utm_source=slashdot&amp;utm_medium=googleplus"" onclick=""javascript:window.open(this.href,'', 'menubar=no,toolbar=no,resizable=yes,scrollbars=yes,height=600,width=600');return false;""><img src=""http://www.gstatic.com/images/icons/gplus-16.png"" alt=""Share on Google+""/></a> </div></p><p><a href=""http://tech.slashdot.org/story/15/02/07/2038213/the-man-squatting-on-millions-of-dollars-worth-of-domain-names?utm_source=rss1.0moreanon&amp;utm_medium=feed"">Read more of this story</a> at Slashdot.</p><iframe src=""http://slashdot.org/slashdot-it.pl?op=discuss&amp;id=6927899&amp;smallembed=1"" style=""height: 300px; width: 100%; border: none;""></iframe><img width='1' height='1' src='http://slashdot.feedsportal.com/c/35028/f/647410/s/43276879/sc/4/mf.gif' border='0'/><br clear='all'/><br/><br/><a href=""http://da.feedsportal.com/r/219132806522/u/49/f/647410/c/35028/s/43276879/sc/4/rc/1/rc.htm"" rel=""nofollow""><img src=""http://da.feedsportal.com/r/219132806522/u/49/f/647410/c/35028/s/43276879/sc/4/rc/1/rc.img"" border=""0""/></a><br/><a href=""http://da.feedsportal.com/r/219132806522/u/49/f/647410/c/35028/s/43276879/sc/4/rc/2/rc.htm"" rel=""nofollow""><img src=""http://da.feedsportal.com/r/219132806522/u/49/f/647410/c/35028/s/43276879/sc/4/rc/2/rc.img"" border=""0""/></a><br/><a href=""http://da.feedsportal.com/r/219132806522/u/49/f/647410/c/35028/s/43276879/sc/4/rc/3/rc.htm"" rel=""nofollow""><img src=""http://da.feedsportal.com/r/219132806522/u/49/f/647410/c/35028/s/43276879/sc/4/rc/3/rc.img"" border=""0""/></a><br/><br/><a href=""http://da.feedsportal.com/r/219132806522/u/49/f/647410/c/35028/s/43276879/sc/4/a2.htm""><img src=""http://da.feedsportal.com/r/219132806522/u/49/f/647410/c/35028/s/43276879/sc/4/a2.img"" border=""0""/></a><img width=""1"" height=""1"" src=""http://pi.feedsportal.com/r/219132806522/u/49/f/647410/c/35028/s/43276879/sc/4/a2t.img"" border=""0""/><img src=""//feeds.feedburner.com/~r/Slashdot/slashdot/~4/CDO-y5OVDwc"" height=""1"" width=""1"" alt=""""/>"
Two-Dimensional Silicon Makes Its Device Debut (pubs.acs),http://news.feedzilla.com/en_us/stories/science/420676111?client_source=api&format=json,"Materials: Silicene monolayers could help pave the way to faster, smaller
electronics

"
UN climate chief tempers expectation on Paris deal (co.nz),http://news.feedzilla.com/en_us/stories/science/420681378?client_source=api&format=json,"Tempering expectations on a global climate deal in Paris this year, the UN's
top climate diplomat has warned against assuming the pact will suffice to
prevent dangerous levels of warming.As negotiators prepare for a new round
of...

"
Whispers of Ecological Change in the Arctic Are Trying to Tell Us Something. Are We Listening? (Discover Magazine),http://news.feedzilla.com/en_us/stories/science/420875212?client_source=api&format=json,"Editor's note: This is a guest post by Avery McGaha, one of two master’s
students who joined me in Tromsø, Norway to attend the Arctic Frontiers
conference in January, 2014. It is supplemented with some additional reporting
by me. McGaha's trip was made possible by a grant from the University of
Colorado's Center for Environmental Journalism.  Following the recent
announcement by NASA and NOAA that 2014 was likely the hottest year on record
a loud controversy erupted over global warming.

"
Xenon Flashes Can Make New Raspberry Pi 2 Freeze and Reboot,http://rss.slashdot.org/~r/Slashdot/slashdot/~3/ZLWiIB12kJ8/story01.htm,"An anonymous reader writes Unfortunately for Raspberry Pi 2 owners who are trying to photograph their devices, ... the Raspberry Pi 2 has been found to be Xenon flash sensitive. Any camera with a Xenon flash aimed at the device is causing the device to freeze for a few seconds before rebooting. The forum thread about the bug is an interesting play-by-play of how the problem was narrowed down.<p><div class=""share_submission"" style=""position:relative;""> <a class=""slashpop"" href=""http://twitter.com/home?status=Xenon+Flashes+Can+Make+New+Raspberry+Pi+2+Freeze+and+Reboot%3A+http%3A%2F%2Fbit.ly%2F1zkter6""><img src=""http://a.fsdn.com/sd/twitter_icon_large.png""></a> <a class=""slashpop"" href=""http://www.facebook.com/sharer.php?u=http%3A%2F%2Fit.slashdot.org%2Fstory%2F15%2F02%2F08%2F0643254%2Fxenon-flashes-can-make-new-raspberry-pi-2-freeze-and-reboot%3Futm_source%3Dslashdot%26utm_medium%3Dfacebook""><img src=""http://a.fsdn.com/sd/facebook_icon_large.png""></a> <a class=""nobg"" href=""http://plus.google.com/share?url=http://it.slashdot.org/story/15/02/08/0643254/xenon-flashes-can-make-new-raspberry-pi-2-freeze-and-reboot?utm_source=slashdot&amp;utm_medium=googleplus"" onclick=""javascript:window.open(this.href,'', 'menubar=no,toolbar=no,resizable=yes,scrollbars=yes,height=600,width=600');return false;""><img src=""http://www.gstatic.com/images/icons/gplus-16.png"" alt=""Share on Google+""/></a> </div></p><p><a href=""http://it.slashdot.org/story/15/02/08/0643254/xenon-flashes-can-make-new-raspberry-pi-2-freeze-and-reboot?utm_source=rss1.0moreanon&amp;utm_medium=feed"">Read more of this story</a> at Slashdot.</p><iframe src=""http://slashdot.org/slashdot-it.pl?op=discuss&amp;id=6931899&amp;smallembed=1"" style=""height: 300px; width: 100%; border: none;""></iframe><img width='1' height='1' src='http://slashdot.feedsportal.com/c/35028/f/647410/s/432a343b/sc/21/mf.gif' border='0'/><br clear='all'/><br/><br/><a href=""http://da.feedsportal.com/r/218611494731/u/49/f/647410/c/35028/s/432a343b/sc/21/rc/1/rc.htm"" rel=""nofollow""><img src=""http://da.feedsportal.com/r/218611494731/u/49/f/647410/c/35028/s/432a343b/sc/21/rc/1/rc.img"" border=""0""/></a><br/><a href=""http://da.feedsportal.com/r/218611494731/u/49/f/647410/c/35028/s/432a343b/sc/21/rc/2/rc.htm"" rel=""nofollow""><img src=""http://da.feedsportal.com/r/218611494731/u/49/f/647410/c/35028/s/432a343b/sc/21/rc/2/rc.img"" border=""0""/></a><br/><a href=""http://da.feedsportal.com/r/218611494731/u/49/f/647410/c/35028/s/432a343b/sc/21/rc/3/rc.htm"" rel=""nofollow""><img src=""http://da.feedsportal.com/r/218611494731/u/49/f/647410/c/35028/s/432a343b/sc/21/rc/3/rc.img"" border=""0""/></a><br/><br/><a href=""http://da.feedsportal.com/r/218611494731/u/49/f/647410/c/35028/s/432a343b/sc/21/a2.htm""><img src=""http://da.feedsportal.com/r/218611494731/u/49/f/647410/c/35028/s/432a343b/sc/21/a2.img"" border=""0""/></a><img width=""1"" height=""1"" src=""http://pi.feedsportal.com/r/218611494731/u/49/f/647410/c/35028/s/432a343b/sc/21/a2t.img"" border=""0""/><img src=""//feeds.feedburner.com/~r/Slashdot/slashdot/~4/ZLWiIB12kJ8"" height=""1"" width=""1"" alt=""""/>"
Xfce Getting a New Version Soon,http://rss.slashdot.org/~r/Slashdot/slashdot/~3/a75esZjyDnk/story01.htm,"jones_supa writes It looks like the release of Xfce 4.12 is finally about to materialize. It has been about two and half years since the last stable release. There is now a concerted effort underway to ship a new release of this lightweight GTK+2 desktop environment out around the end of February or early March. ""As we have discussed the status and progress of core components with many of you individually, we feel confident that the state of Xfce is good enough to polish some final edges and push more translations until then,"" wrote Simon Steinbei&#223; on the xfce4-dev mailing list. The official list of showstopper bugs does not look too bad either. However, looking at the long time between releases certainly makes one think if the project could have use for some extra resources.<p><div class=""share_submission"" style=""position:relative;""> <a class=""slashpop"" href=""http://twitter.com/home?status=Xfce+Getting+a+New+Version+Soon%3A+http%3A%2F%2Fbit.ly%2F16XedWE""><img src=""http://a.fsdn.com/sd/twitter_icon_large.png""></a> <a class=""slashpop"" href=""http://www.facebook.com/sharer.php?u=http%3A%2F%2Ftech.slashdot.org%2Fstory%2F15%2F02%2F08%2F1431250%2Fxfce-getting-a-new-version-soon%3Futm_source%3Dslashdot%26utm_medium%3Dfacebook""><img src=""http://a.fsdn.com/sd/facebook_icon_large.png""></a> <a class=""nobg"" href=""http://plus.google.com/share?url=http://tech.slashdot.org/story/15/02/08/1431250/xfce-getting-a-new-version-soon?utm_source=slashdot&amp;utm_medium=googleplus"" onclick=""javascript:window.open(this.href,'', 'menubar=no,toolbar=no,resizable=yes,scrollbars=yes,height=600,width=600');return false;""><img src=""http://www.gstatic.com/images/icons/gplus-16.png"" alt=""Share on Google+""/></a> </div></p><p><a href=""http://tech.slashdot.org/story/15/02/08/1431250/xfce-getting-a-new-version-soon?utm_source=rss1.0moreanon&amp;utm_medium=feed"">Read more of this story</a> at Slashdot.</p><iframe src=""http://slashdot.org/slashdot-it.pl?op=discuss&amp;id=6933817&amp;smallembed=1"" style=""height: 300px; width: 100%; border: none;""></iframe><img width='1' height='1' src='http://slashdot.feedsportal.com/c/35028/f/647410/s/432b3b49/sc/4/mf.gif' border='0'/><br clear='all'/><br/><br/><a href=""http://da.feedsportal.com/r/218611564790/u/49/f/647410/c/35028/s/432b3b49/sc/4/rc/1/rc.htm"" rel=""nofollow""><img src=""http://da.feedsportal.com/r/218611564790/u/49/f/647410/c/35028/s/432b3b49/sc/4/rc/1/rc.img"" border=""0""/></a><br/><a href=""http://da.feedsportal.com/r/218611564790/u/49/f/647410/c/35028/s/432b3b49/sc/4/rc/2/rc.htm"" rel=""nofollow""><img src=""http://da.feedsportal.com/r/218611564790/u/49/f/647410/c/35028/s/432b3b49/sc/4/rc/2/rc.img"" border=""0""/></a><br/><a href=""http://da.feedsportal.com/r/218611564790/u/49/f/647410/c/35028/s/432b3b49/sc/4/rc/3/rc.htm"" rel=""nofollow""><img src=""http://da.feedsportal.com/r/218611564790/u/49/f/647410/c/35028/s/432b3b49/sc/4/rc/3/rc.img"" border=""0""/></a><br/><br/><a href=""http://da.feedsportal.com/r/218611564790/u/49/f/647410/c/35028/s/432b3b49/sc/4/a2.htm""><img src=""http://da.feedsportal.com/r/218611564790/u/49/f/647410/c/35028/s/432b3b49/sc/4/a2.img"" border=""0""/></a><img width=""1"" height=""1"" src=""http://pi.feedsportal.com/r/218611564790/u/49/f/647410/c/35028/s/432b3b49/sc/4/a2t.img"" border=""0""/><img src=""//feeds.feedburner.com/~r/Slashdot/slashdot/~4/a75esZjyDnk"" height=""1"" width=""1"" alt=""""/>"
